{"Training loss/step": 3.5691304206848145, "_timestamp": 1702144877.2708483, "_runtime": 1726.4817101955414, "_step": 1974, "Training CER/step": 1.3059510558274212, "Validation loss/step": 3.920159101486206, "Validation CER/step": 1.4237506398449056, "_wandb": {"runtime": 1726}}