{"Training loss/step": 5.449607849121094, "_timestamp": 1702108709.667937, "_runtime": 665.2615480422974, "_step": 307, "Training CER/step": 15.314226799268704, "_wandb": {"runtime": 664}}