{"Training loss/step": 5.305047035217285, "_timestamp": 1702140527.8692532, "_runtime": 716.7986490726471, "_step": 313, "Training CER/step": 3.36711294267769, "Validation loss/step": 5.204174041748047, "Validation CER/step": 3.287514178632049, "_wandb": {"runtime": 719}}